Tok Pisin,English
abababa,bubble gum
abrus long; longwe liklik long,apart from
abrusim,avoid
abrusim,"pass, overtake"
abrusim ka,overtake a car
abus,meat
abus,garnish
abus,"game, meat"
abus,animal
abus,side-dish
adres,address
adresim,address (letter)
ai,eve
ai bilong,"front of, in"
"ai i hevi, ai x slip",sleepy
ai i raun,dizzy
aiglas,spectacles
ailan,island
ailan Manam,Manam Island
"ain; ainim, ainim klos",iron
ainim,press (clothes)
aipas,blind
ais,snow
ais,ice
aisblok,iceblock
aiskrim,ice-cream
akis,axe
akselareta,accelerator
"alta, tebol tambu",altar
"amamas, hamamas",happy
ambrela,umbrella
ami,army
"ananas, painap",pineapple
ananit,"under, underneath"
ananit,bottom
ananit bilong lek,sole of foot
anien,onion
anka,anchor
ansa,result
"ansaim, bekim tok",answer
antap,upstairs
antap,summit
antap,up
antap,high
antap long,on top of
antap long,on
antap long,above
antapim,increase (price)
apim (pe),"raise, increase"
apinun,evening (early
apinun,good afternoon
apinun,afternoon
arasait,far side
arasait,opposite
arasait,"other side, opposite side"
arere,"next to, beside"
arere,border
arere,edge
arere bilong kantri,frontier
arere long,beside
arse gras,bunch of tanket leaves stuck into a belt to cover a man's backside (Highlands)
arse tanket,bunch of tanket leaves stuck into a belt to cover a man's backside
as,cause
as,anus
as,buttock
as,"base, basis"
as,origin
as,posterior part
asde,yesterday
askim,ask
asples bilong gavman,seat of government
asples bilong mi,"home town, my"
"asua, hevi",difficulty
asua; rong,fault
ating,either/or
ating,probably
ating,I think (so)
ating,seems
"ating, nating",perhaps
aua,hour
ausait,outside
Austrelia,Australia
autbotmota,outboard motor
autim,"speak out, divulge"
autim,cross out
autim long wok,"sack, dismiss"
aven,oven
ba,bar
bagarap,break down
bagarap,worn out
bagarapim,spoil
bagi,red shell necklace used for trade in the kula ring islands
bai,will
Baibel,Bible
baim,buy
baim,rent
baim,pay for
baim bas,catch a bus
baim rum gat,pay bail
baksait,back (rear)
baksait bilong lek,calf of leg
baksait bilong nek,nape of neck
baksait; bek,back
"balm, peim",pay (vb)
balus,pigeon
balus,"aeroplane, airplane"
balus,"airplane, aeroplane"
baman,"barman, bartender"
bamim,bump
banana,banana
banana boat,trade boat or dinghy
banara,bow
banaras,bows and arrows
banis,fence
banis,ribs
banis,wall
banis bilong susu,"brassiere, bra"
banisim,fence in
banisim,enclose
baret,"trench, drain"
"bas, PMV",bus
basket,basket
bata,butter
baten,button
bateri,battery
bautim,turn (boat)
bek,bag (n)
bek,back (again)
bekbun,backbone
bekim tok,reply
bel,belly
bel i pas,constipated
bel i tantanim,nauseated
belhevi,regret
belisi,peaceful (person)
belisi,calm (person)
belo,bell
belo bilong klok,clock's alarm
belo kaikai,noon
benetii,cassowary (New Britain); see also Muruk
beng,bank
bensin,gasoline
bensin,petrol (gasoline)
bet,bed
bet sel,canvas stretcher
bia,beer
bigman,important man; leader
bihain,next (after)
bihain,later on
bihain long,since (time)
bihain long,behind
bihain tru,last
"bihain, bihain long","after, afterwards"
bihainim,follow
bihainim,copy
bihainim,imitate
bihaintaim or taim i lus,late (behind time) later
bikbus,dense bush
bikhet,"stubborn, conceited"
"bikmama, smolmama, kandere","aunt, paternal"
biknait,dead of night
biknait,midnight
bikpela,main
bikpela,big
bikpela man,adult
bikpela su,boot (n)
bikpela tru,enormous
bikples,main village
bikrot,main road
biktaun,city
bil,bill
bilas,finery
bilas,decoration
bilas,jewelry
bilasim,decorate
"bilip, bilipim",believe
bilong,from
bilong,in order to
bilong bisnis,commercial
bilong em,his
bilong em,her
bilong husat,whose
bilong longwe ples,foreign
bilong mi,my
bilong mipela,our
bilong ol,their
bilong olgeta man na meri,public
"bilong wanem, long wanem, bikos",because
"bilong wanem, wasmara, watpo",why
bilong wanem?,what for?
bilong yu,your
bilum,string netbag
bin,was
bin,did
bin,past tense marker
"bin, ol bin",beans
binatang,insect
Bipi,Burns Philp
bipo,before
bipo,former
bipo,formerly
bipo long taim,before (time)
bipo tru,longer than
bipotaim,early
birua,"enemy, opponent"
"birua, tupela i bam, bagarap",accident
bis,beads
bisket,biscuit
"bisnis, lain, famili",clan
"bisnis, lain, famili",moiety
blakbokis,flying fox
blakpela,black
blakpela sos,barbecue sauce
"blaksos, blakpela sos, soisos",soya sauce
blanket,blanket
blokim,raise with block and tackle
blu,blue
blut,blood
blut i kamap,bleed
boamasin,drilling machine
"bodi, skin",body
"boi; manki, pikinini man",boy
boil,"boiling, be"
boilim,boil (something)
boipren,boyfriend
bokis,box (n)
bokis ais,refrigerator
bokis ais,"ice chest, refrigerator"
bokis wailis wantem piksa,television
"bokis, kan, sem (bilong meri) ; bol, kok (bilong man)",genitals
"bokis, kan, sem bilong meri",female genitals
bol,testicles
"bombom, bumbum",coconut frond
bos bilong haus,host
bosboi,overseer on plantation
bosim,oversee
bosim,"control, be in charge of"
boskru,boat's crew
boskru,sailor(s)
boskru bilong balus/sip,crew of plane/ship
bot,boat
botol,bottle
brada,brother
brait,wide
"bras, brus",brush
brata,brother
bratasusa,brothers and sisters
bratasusa,siblings
"braun, braunpela",brown
braunpela loli,chocolate (candy)
brek,brake(s)
bret,bread
bret,loaf of bread
"bringim, kisim . . . i kam",bring
bris,bridge
bris,wharf
bros,chest
bros,brooch
bros bilong tit,toothbrush
bruk,broken
brukim,break
brukim ai,wink
brukim bet,strip a bed
brukim han,make a clenched fist
brukim lo,break the law
brukim namel,"break in halves, divide in two"
brukim pepa/klos,fold paper/clothes
brukim promis/tok,break  word
brukim sindaun,disturb the peace
brukim/katim lo,bite off
brum bilong winim pes,fan
brumim,sweep
"brus, tabak, stik tabak, tobako",tobacco
"buai , bilinat, bitolnat",betelnut
"buai, bilinat, bitolnat",areca nut
buk,"boil, swelling, lump"
buk,book
buk beten,prayer book
buk bilong painim mining,dictionary
buk em i soim rot,guidebook
buk tambu,bible
buksop,bookshop
bukumatula,bachelor house (Trobriand Islands)
"bulmakau, kau",cattle
"bulmakau, kau, abus bulmakau",beef
bulsitman,"skite, con man"
bun,bone
bun i bruk,"fracture, broken bone"
bun nating,thin
bung wantaim,unite
"bung, maket",market
bungim wantaim,pack (vb)
"bungim, painim",meet
bus,forest
bus,countryside
bus,bush
"bus, bikbus",jungle
buskanaka,bush villager
busnaip,bush knife
dabolim,double
"dai (indai)i stop, stopim",stop
dai pinis,die
daiman,"dead person, the dead"
daimen,diamond
daka,betel pepper
danis,dance (modern style)
das,dust
daun,low
"daun, tamblo, tambolo",down
daunim,overcome
daunpasin,humility
de,day
de bilong malolo,day off
de bilong wok,workday
"dentis, dokta bilong tit, dokta lukautim tit",dentist
Desemba,December
dewel,devil
dewel bilong man i dai,ghost (of dead person)
"dewel, dewel bilong man",shadow
dia,dear (expensive)
dia,expensive
didiman,agricultural officer
digim,dig
digim hul,make hole in ground
dilim,portion out
dinau,borrow
dinau,debt
dis,dish
dis bilong waswas,washbasin
disaipel,disciple
dispela taim,then (at that time)
"dispela, ya",this
distrik,district
diwai,pole
diwai,tree
diwai,wood (timber)
diwai kros,cross
doba,leaf
dok,dog
dokta,doctor
dokta,"medical assistant, doctor"
doti,dirty
drai,heal (of sore)
"drai, draipela",dry
draibisket,dry biscuit
draibisket,cracker
draiva,driver
draivim,drive (vb)
dring,drink (n)
dringim,drink (vb)
"dripman, welman",vagrant
"dripman, welman",squatter
dua,door
dua i go ausait,exit (n)
dukduk,ritual costume representing a spirit
echidna,spiny anteater
edukeitim,educate
Ekelesia,church members
eksospaip,exhaust pipe
"elektrik, elektrisiti, pawa",electricity
em,he
em,it
em,she
em i pait,"bitter, strong"
em i tru,"fact, in"
em nau!,great! fantastic!; literally 'him now!'
em tasol,that's all
emtripela,those (three)
emtupela,those (two)
ensel,angel
ensin,engine
Epril,April
"et, etpela",eight
fail,file
"faiv, faipela",five
fatwel,"fat (for greasing body) , oil"
fe,fare
Februeri,February
fiftifaiv,fifty-five
"fiksim, piksim",fix
"filim, pilim",feel
"fo, foa, fopela",four
Fonde,Thursday
fotnait,fortnight
"foto, poto, piksa",photo
fowil draiv,four-wheel drive
Fraide,Friday
fran,front
gaden,garden
gaden bilas,park (n)
galen,gallon
galip,nuts
"gamtri, kamarere","eucalyptus tree, gum tree"
garamut,slitgong
gat,got
gat,have
gat dinau,owe
gavman,government
"gel, meri",girl
gen,again
giabokis,gearbox
giaman,false
giaman,joke
giaman,lie (n)
giamanim,lie to
giamanim,"tell lies to, fool"
giram,gram
givim,give
givim kis,kiss (vb)
"givim stori, ripotim",report
glaman,"kid, joke"
glas,glass (substance)
glas,glass (container)
glas bilong kapten,binoculars
glas bilong lukluk,mirror
glasim,take temperature
go,go
go antap,ascend
go antap,go up
go antap,rise
"go bek, kambek, kam bek",return
go daun,go down
go long hap long,cross (vb)
go long skul,go to school
go lukim,visit
go pas long,lead (vb)
"God, Got",God
godaun tru,deep
gohet,go ahead
gol,gold
"golo, lam","globe, bulb"
"gorgor, kawawar",ginger
gras,fur
gras,grass
gras bilong ai,"eyebrow, eyelash"
gras bilong dok,fur (of dog)
gras bilong pisin,feather
gras bilong sipsip,wool
gras nogut,weed(s)
"gras usket, mausgras",beard
"gras, gras bilong het",hair
graun,ground
graun,earth
graun,world
"graun, graun malomalo, graun bilong wokim sospen",clay
gre,grey
"grile, skin pukpuk",ringworm
"grile, skin pukpuk",tinea
grileglas,frosted glass
"grin, grinpela",green
gris,ointment
gris,fat
gris bilong bulmakau,dripping
gris bilong pik,lard
gro,grow
"guava, yambo",guava
"gude, yu stap",good day
gumi,inner tube
gumi bilong kok,"condom, contraceptive for males"
guria,earthquake
gut,well (adv)
gut,kind (friendly)
gut moa,comfortable
gut nait,good night
gut tumas,great
"gut, gutpela",good
gutpela taim,peace
haibica,stringy silverbeet-like vegetable
"haisapim, apim, winsim","hoist, lift up"
haiskul,high school
haitim,conceal
haiwara,high tide
haiwe,highway
"halivim, helpim",help
"hallans, hailens",highlands
halo,hello
"hama, hamarim",hammer
hamamas tru,enjoy
hamas,quantity
hamas,how much/many
hamas krismas yu gat?,how old are you?
hambak,annoy
hambakim,tease
hambakman,nuisance
"hambakman, sikibaga",cheeky person
"hambakman, sikibaga",annoying person
han,arm
han,hand
han (bilong pik),foreleg (of pig))
han antap,"arm, upper"
han bilong diwai,branch of tree
han bilong pisin,wing
han bilong siot,sleeve
"han kais, lep han, lephan",left hand
"han tambolo, han daunbilo","forearm, lower arm"
handet yia,century
hangamapim,hang (something) up
hangre,hungry
hangre long dring,thirsty
hani,honey
hankisip,handkerchief
hanpaus,handbag
hanrot,side track/road
hansapim,"bail up, hold up"
hanwara,tributary
hanwara,side stream
"hanwas, klok",watch (n)
hap,half
hap,place
hap,piece
Hap,"area, place"
hap bel,navel
hap bret,piece of bread
hap kaikai bilong asde,leftovers
hap laplap bilong wasim plet,dish cloth
hap pas seven,half past seven
hap ret,purple
"hap san i kamap, or es",east
hap skon,piece of scone
hap tok,"quotation, statement"
"hap, long hap",over-there
hapasde,day before yesterday
hapim,halve
hapka,utility
hapkas,mixed-race
hapkas,half-caste
haptumora,day after tomorrow
hariap,quick
hariap,"hurry, hurry up"
harim,listen
harim,hear
hat,hat
hat,hot
hat,cap
hat ain,helmet
"hat, hatpela; strong, strongpela",hard
"hat, hot, hotpela",hot
hatwok,work hard
hau,how
haus,house
haus,hut
haus,building
haus bilong king,palace
haus bilong pisin,nest
haus bilong tumbuna pasin,museum
haus bilong wasim klos,laundry
"haus kuk, hauskuk, kisen",kitchen
haus lain,long house (Highlands)
haus lotu,temple
haus lotu bilong ol mahomet,mosque
haus luluai bilong longwe ples,embassy
haus mani,bank (n)
haus marasin,pharmacy
haus marit,married quarters
Haus Palamen,House of Parliament
haus pamuk,brothel
haus pater,monastery
haus pekpek man,toilet (men)
haus pekpek meri,toilet (women)
haus piksa,theatre
haus piksa,cinema
haus sik,hospital
haus tambaran,art gallery
haus tambaran,art gallery
haus tambaran,spirit house
haus win,"garden house, summer house"
"haus, long haus",home
"hausboi, hausmeri",servant
"hebsen, pi",peas
hel,hell
het,head
het bilong diwai,crown of tree
het i pen,headache
heven,heaven
hevi,heavy
"hevi, wari",guilt
"hevim seks, wantaim meri, pilai wantaim meri, sutim meri, goapim meri, paulim meri",have sexual intercourse with a woman
hia,here
hide,hide
hiden,heathen
hipim,pile up
holim,hold
holim . . . i stap,contain
holim long tingting or no lusim tingting,remember
holim pas,"keep, detain"
holim skin,make love to
hon,horn
hop,hope
hos,horse
"hostes, e hostes",hostess
hotel,hotel
hotim,heat
huk,hook
hukim pis,catch fish
hul (bilong planim man),grave
husat,who
i ais pinis,frozen
i bikpela samting,important
i bin boilim,boiled
i bin kukim long paia,roast
i bin praim,fried
i dai pinis,dead
i gat,there is
i gat bel,pregnant
i gat biknem,famous
i gat dus,dusty
i gat laip,alive
i gat planti samting,rich
"i gat wara, wet",wet
i gat wok,busy
i go daun tumas,steep
i go long,against
i go long,against
i hat moa,impossible
i hatwok,difficult
i kastim planti mani,valuable
i ken,possible
i laikim tru,interesting
i makim rot,direction
i mekim isi,convenient
i min,"means, (it)"
i na slip,awake
i no brait,narrow
i no daun,shallow
i no dia,cheap
i no gat man,nobody
i no gat man o meri,free (vacant)
i no gat wanpela taim,never
i no hevi,light (weight)
i no naispela,ugly
i no save pret,brave
i no stret,mistake
"i nogat samting, nogat",nothing
i pas,closed
i stap gut,safe
i stap gut,well (health)
i tambu,forbidden
inap,enough
inap long,"up to, until"
inap long,until
inap; ken,"can, could"
independens,independence
Inglis,English
insait,inside
insait long,in
insait long,inside of
insait long han,palm of hand
intaviua,interviewer
isi,easy
isi isi,carefully
Ista,Easter
Janueri,January
jas,judge
jek,jack
jem,jam
Jemeni,Germany
Julai,July
Jun,June
kabis,cabbage
kabureta,carburetor
kago,cargo
kago,goods
kago,baggage
kagoboi,porter
"kai bar, kaibar",cheap takeaway food bar
kaikai,food
kaikai,meal
kaikai long belo,dinner
kaikai long moning,breakfast
kaikaim,bite
kaikaim,eat
kain,"sort, kind"
kain,"kind, sort"
kain singsing na danis,opera
kainkain,all sorts of
kainkain,various kinds of
kais,left
kakao,cocoa
kakaruk,"chook, fowl"
kakaruk,fowl
kakaruk,chicken
kala,colour
kalabus,prison
kalabusim,"lock up, imprison"
kalabusim,imprison
kalabusim,shut up/away
kalabusman,prisoner
kalangal,parakeet
kalap,jump (vb)
kalap,board (a vehicle)
kalap long PM,board a PMV
kalap long PMV,get into a PMV
kalenda,calendar
kam,come
kam,shell as penis covering
kam hariap,come quickly
kamap,come up
kamap,become
"kamap, kamap long",arrive
kamapim,develop
kamapim,improve
kamapim lait,light (colour)
kamapim mani,raise money
kamaut,come out
kamautim (kaukau),harvest (sweet potato)
kambang,"lime juice, lemon drink"
"kambek, kam bek",come back
kamera,camera
kamera piksa,movie camera
kampani,company (firm)
kanaka,indigenous person
kanda,cane
kandel,candle
kandere,"uncle, maternal"
kantri,country (nation)
kanu,canoe
kap,cup
kap bilong ti,tea-cup
kapa,sheet metal
kapa bilong pinga,fingernail
kapet,cupboard
kapiak,breadfruit
kapsaitim,tip
kapsaitim,pour
kapten,captain (of a ship)
kapti,cup of tea
kapti,cup of tea
"kapuk, koten",cotton-wool
"kapul, cuscus",possum
"kar, ka",car
karamap,bundle
karamap,parcel
karamapim,cover (vb)
karamapim tok,ambiguous (be)
karamapim tok,deceive
karamapim tok,"vague, be tok"
karet,carrot
kari,curry
karim,carry
karim leg,courting ceremony involving crossing legs with a partner; literally 'carry leg'  (Highlands)
kas,cards
kas,luck
kasang,peanut
"kasava, tapiok",cassava
kasen,cousin
kaset,cassette
kaskas,scabies
kastam,customs (n)
kastet,custard
kastim,worth
kaswel,castor oil
"kat, katim",cut
katen,carton
katen,cotton
katim buk,lance a boil
katim diwai i pundaun,fell a tree
katim gras,cut grass
katim gras,haircut
"katim i pundaun, pundaunim",cut down
katim long akis/tamiok,chop
katim marit,divorce
katim maritnarakain,annul a marriage
katim singsing long teprikoda,record (vb) a song
katim tok,interrupt
Katolik,Catholic
kaukau,"potato, sweet potato"
kaukau,sweet potato
kaunim,count (vb)
"kaunim, spelim",spell
kaunsel haus,town hall
kaunsila,councillor
kek,cake
kek,pastry
"kes, sutkes, bokis","case, suitcases"
kiap,government officer
kiau,"bulb, light globe"
kiau,egg
kiau bilong golip,pearl
"kibung, kivung, miting",meeting
kik,kick
kikbal,football
kil bilong diwai,buttress root
kil bilong diwai,tap root
kilim,injure
kilim i dai pinis,kill
kilman,murderer
kilogiram,kilogram
kilomita,kilometer
kina,kina (monetary unit 100 toea)
kina,oyster
kina,shell
kindam,crayfish
kindam bilong solwara or liklik kindam,prawn
king,king
kirap,take off (plane)
kirap nogut,surprised
"kirap, sanap",get up
kirapim,begin
kirapim,get someone up from bed
kirapim,establish
kirapim,"found, establish"
kirapim,open (new business)
kisim,receive
kisim,obtain
kisim,get
kisim . . . i kam,fetch
"kisim asua, birua",have an accident
kisim bel,conceive (a child)
kisim long laik,choose
kisim pe,get paid
"kisim win, wiken, malolo",to have a rest
"kisim, bringim",take
klab; stik bilong pait,club
klats,clutch
klaut,cloud
klaut i lait,like (doing something)
klaut i pairap,thunder
klaut i pas,overcast
klia,clear
klia,empty
klin,pure
"klin, klinpela",clean
klinim,clean (vb)
"klinim gaden, tekimaut gras nogut",weed
klinim sua,dress (vb. as in a wound)
klirim,"make clear, explain"
klirim tebol,clear the table
"klok, kilok",clock
"klok, kilok, pam, hat",heart
klos,clothes
klos meri,"dress (woman,s)"
klos was,laundry (clothes)
"klosap, klostu, klostu long","near, nearby"
klostu,almost
koan!,go on!
kok,penis
koki,cockatoo
koki; kalangal,parrot
kokomo,hornbill bird
kokonas,coconut
"kol , kolpela",cold
kol pinis,flat (of battery)
"kolim bel, mekim bel i kol",pacify
kolim nem (bilong yu),say (your) name
kolsinglis,sweatshirt
kom,comb
komputa,computer
kon,corn
kona,corner
konpesen,confession
kopi,coffee
kopra,copra
"koropela, propela",propeller
kos,course
"kostim, kastim",cost
kot,coat
kot,courtyard
kot,court
kothaus,courthouse
kotim,complain
kotim,take to court
kotim,take to court
kotren,overcoat
"kotren, kot ren",raincoat
"kouk, kokakola",Coca-Cola
krai,cry
kranki,wrong
krismas,year (of age)
krismas,Christmas
kristen,Christian
kros,"cross, angry"
kros,angry
krosim,"angry with, be"
krosim,scold
kru bilong het,brain
krungutim,bend (something)
krungutim,crumple (something)
"kuk, kukim",cook
kuka,crab
kukamba,cucumber
kukim,bake
kukim (antap) long paia,grill
kukim bret,bake bread
kukim long paia,barbecue
"kukim, paia",burn
Kula Ring,ring of trading islands in Milne Bay province
kulau,green coconut - kulau
kumu,"potato, wild sweet potato"
"kumu, sayor, grins",greens
"kumu, sayor, grins, saior",vegetables
kumul,Bird of Paradise
kunai,sword grass
"kundu, garamut",drum
kus,"cold, have a"
kus,have a cold
"kusaiman, man bilong karamapim tok",deceiver
kuskus,clerk
"kwait, i no gat nois, no ken mekim nois","quiet, quietly"
Kwantas,Qantas (airline)
kwesten,question
kwik,fast
kwik piksa leta,fax
"kwik, kwiktaim",quickly
kwiktaim,urgently
laik,want
laikim,lime spatula
laikim,love
lain,queue
lain,group
lain,line
lain,learn about
lain bilong Jisas,disciples
"lain, famili",family
lainim,study (vb)
lainim,learn
laipman,living person
"laisens, pemit",licence
lait,light
lait,bright
laita,lighter (cigarette)
laka?,isn't it?
laki,lucky (card game)
lam,lamp
lam bensin,pressure lamp
lang,fly (insect)
lap,laugh
laplap,laplap
laplap,sarong or wraparound
laplap,loincloth
laplap,cloth
laplap bilong alta,altar cloth
"laplap bilong bet, bet sit, bet laplap",sheet
laplap bilong windo,curtain
lapun,old man
lapun; olpela,old
larim,leave behind
larim,"let, allow"
larim,permit (vb)
larim,allow
larim,give up
"lata, step",stairs
"lata, step",steps
laulau,Malay apple
laus,louse
legoim brek,release the brake
lek,leg band
lek (bilong pik),hind leg (of Pig)
lek antap,"leg, upper"
lek bilong pik,ham
"lek daunbilo, lek tamblo","leg, lower"
"lek, fut",foot
lektrik,electric
"les, skin i les/slek, bun i slek",tired
"les, skin i les/slek, bun i slek",weary
lesbaga,"loafer, lazy man"
let bilong karapela,fan belt
"let, paspas bilong bel",belt
leta pas,aerogramme
letabokis,post-box
letis,lettuce
lewa,liver
likim,lick
liklik,quite (long)
liklik,little
liklik,rather
liklik,small
liklik bas,minibus
liklik kaikai or belo,lunch
liklik mun,planet
liklik rat,mouse
"liklik rot, hanrot",track
liklik tru,"least, at"
"limbum, limbung",areca palm
"limonad, muliwara, loliwara",lemonade
"lip, lip bilong diwai",leaf money from Milne Bay province
lipt,elevator
lipti,tea leaves
liptimupim,lift (vb)
lita,litre
litimapim em yet,"boastful, proud"
liva,intestines
lo,law
"loia, loya, loman, saveman long lo",lawyer
lok,lock (n)
lokim,lock (vb)
lokim dua,lock door
loli,"lolly, candy"
loliwara,softdrink
loloi,rolls of shell money strung on lengths of cane
lon,loan
long,tall
long,to
long,than
long,because of
long,along
long,for
long,at
long bek,backwards
long halivim,instead of
long hap,there
long namel long,through
long olgeta ples,everywhere
long sampela hap,somewhere
long taim bilong,during
"long, longpela",long
"longlong, het i pas",mad
"longlong, het i pas",stupid
longlong; waia i lus,crazy
longlongman,mad person
longpela,long (size)
longpela bilong em,height
longpela long olgeta,longest of all
longpela mo,longest
longpela olsem,as long as
longpela taim,"long (time), long ago"
longpela winim olgeta,look
longsok(s),long walk sock(s)
longwe,far
lotu,"religion, worship"
"lotu, haus lotu, sios",church
"lotuim, beten",worship (God)
"luk, lukluk",look after
lukaut long,"careful of, be"
lukaut!,look out!
lukautim,look-alike
lukim,see
lukim yu,see you (bye)
lukim yu behain,"goodbye, bye, see you later"
"lukstilman, man bilong luklukstil",peeping Tom
luluai,chief
lus,lost
"lus, slek",loose
lusim,leave (place)
lusim,set free
lusim,lose
lusim,desert (vb)
lusim,abandon
lusim,spend
lusim dua,unlock door
"lusim, lusim tingting",forget
"lusim, lusim tingting long",forgive
luteran,Lutheran
mafla,muffler
majestret,magistrate
"majik, puripuri, sanguma",magic
mak bilong fut,footprint
makao,tilapia (fish sp.)
makau,tilapia fish (Sepik)
makim,measure (vb)
makim,monument
makim hat o kol,temperature
makmak,multicoloured
mal,G-string
mal,man's bark type or G-string
"malangan, malagan",practice of making totemic figures (also called malangans) to honor the dead
malaria,malaria
maleo,eel
malmalum,soft
malolo,rest
mama i karim,born
"mama, mami",mother
"mama, mami",mummy
"mama, mami",mom
mambu,bamboo pipe
mambu,bamboo
mambu bilong bensin,petrol pipe
mambu bilong blut,vein
mambu bilong blut,artery
mambu bilong nek,gullet
mambu bilong nek,windpipe
mambu bilong wara,water pipe
"mami, yam",yam
man,male
man,man
man bilong bikmaus,loudmouth
"man bilong giaman, giamanman",liar
man bilong kaikai,glutton
man bilong lotu,churchgoer
man bilong nambis,coastal man
man bilong pait,aggressive person
man bilong pait,warrior
man bilong samapim klos,tailor (n)
man bilong save,learned person
man bilong save,clever person
man bilong toktok,talkative person
man bilong wok,good worker
man bilong wok,industrious person
man bilong wokim gaden,farmer
man bisnis,businessman
man i gat kot,the accused
man i go i kam long kot,persistent offender
man i save katim gras bilong het,hairdresser
man i soim rot or gait,guide
man i tanim tok ples,interpreter
man i wokim,artificial
"man nogut, raskol",criminal
"man, meri",person
Mande,Monday
mangal,envy
mangalim,"covet, be jealous of"
mango,mango
mani,money
mani ain,coin
"manmeri , pipel",men & women
"manmeri, pipel",people
map,map
marasin,medicine
"marasin bilong kilim jem, marasin bilong klinim sua",antiseptic
marimari,"pity, mercy"
marit,married
marita,pandanus fruit
maritim,marry
maritman,husband
maritman/meri,married man/woman
mas,must
Mas,March
masalai,spirit
masin,machine
masis,matches
masis i kol,"matches are wet, won't light"
"masket, raifol, gan",gun
maski,never mind
maski,although
maski,"forget about, ignore"
masta,white adult male (term originated in colonial times)
masta mak,surveyor
"masta, bos",boss
"mastamisis, ol waitman",Europeans
mastet,mustard
mat or tepik,carpet
matakiau,blind in one eye
mau,ripe
maunten,mountain
maunten,hill
maus,mouth
maus bilong gumi,valve stem on inner tube
mausgras,catfish
mausgras,moustache
mauspas,dumb
me,may
mekenik,mechanic
mekim,do
mekim gen,repeat
mekim i masis,blow out a match
mekim long pinga long,point out
mekim Misa,celebrate Mass
mekim ofa,offer
mekim poisen long,make magic against
mel long balus,air mail
melen,melon
meme,pulp
"meme, me",goat
memeim,pound
memeim,pulverize
menaga,manager
meri,wife
meri,woman
meri,female
mi,me
mi,I
mi laikim yu tru,I love you
mi wanpela,I alone
mi yet,I myself
miksim,mix
milimita,millimetre
min,mean
minit,minute
minit,moment
mipela,we
misin,mission
misinare,missionary
misis,"woman, wife (European)"
misis kwin,queen
"missinari, misinari",missionary
mit,steak
mit bilong lek,thigh
mit bilong pikinini bulmakau,veal
"mit, solmit",saltmeat
mita,metre
"mitim ka, bungim ka",pass (oncoming) car
mitripela,we (three excl)
mitupela,we (two excl)
mo,more
moa nogut,worse
moa tru,most
mobeta,better
mobeta sapos,it would be better if
moga,ceremony surrounding the giving away of goods to display one's wealth (Highlands)
Mokolkols,nomadic tribe from East New Britain province
moning,good morning
moningtaim,morning
moran,python
moran,carpet snake
mosong,"fuzz, fine hair"
motobaik,motor-bike
motu,indigenous people of the Port Moresby area; language spoken by these people; one of the three nation
mowa,lawnmower
muli,lime (powder)
muli,lemon
muliwara,"like, as"
mumu,ground oven
mumu,"cooking pit, ground oven"
mumuim,pressure-cook
mumut,bandicoot
mumutim,scavenge
mun,moon
mun,month
mun i godaun,moon sets
mun i kamap,moon rises
"mun i kilim, i lukim meri",menstruating
muruk,cassowary
musik or sing sing,music
mwala,decorated armlets made from cone shells used for trade in the Kula Ring islands
na,and
nabaut,around
nabaut (long),about (a place) (round)
"nain, nainpela",nine
"nainti, nainpela ten",ninety
naintifaiv,ninety-five
naip,knife
nais,pretty
nais,beautiful
nais tumas,wonderful
naispela,"nice, attractive"
nait,night
nait,evening (late)
namba,label
namba,number
namba ten,tenth
namba tri,third
namba tu,second
namba wan,very good
namba wan,first
nambaten,"terrible, tenth rate"
nambawan,first rate
nambawan,best
nambawan nogut,worst
nambis,seaside
nambis,coast (n)
nambis,beach
namel,middle
namel long,in the middle of
namel long,among
napkin,napkin
narakain,another one (different)
"narakain, narapela kain",different
narapela,another one (more)
narapela,other
nat,nut (of bolt)
nating,ordinary
nating,for no reason
"nating, not, siro",nought
natnat,gnat
"natnat, moskito",mosquito
nau,now
nek,neck
nek,voice
nek,tune
nek,throat
nek,dialect
nek i pas,hoarse
nektait,tie (n)
nem,name
nem bilong . . . i,"called, is"
nes,nurse (n)
"nidim, laikim",need
nil bilong samap,needle (n)
nildaun,kneel
nilpis,"perch, spiny fish"
nius,news
niuspepa,magazine
niuspepa,newspaper
no,not
no,or
no . . . Tasol,not at all
no gat,missing (as in not present)
no inap,unable to
no ken smok!,no smoking!
"no laikim tru, hetim",hate
"no longtaim, klosap, klostu, kwiktaim",soon
no marit,unmarried
nogat,no
nogat moni,poor (needy)
nogat!,don't!
nogut,bad
nogut,"useless, no good"
"nogutim, tok nogutim",insult
nois,noise
not,north
Novemba,November
nupela,new
nupela,fresh
nupela mun,new moon
nus,nose
"oda, odaim",order
ofisa,officer
Ogas,August
"oke, orait",okay
Oktoba,October
ol,they
ol bilas bilong ia,earrings
ol i kolim,to be called or named
ol nudal,noodles
ol pikinini bilong rop wain,grapes
ol pikinini mambu,bamboo shoots
olgeta,completely
olgeta,all
olgeta man,everybody
olgeta samting,everything
"olgeta, olgeta man",everybody
"oloboi , oloman",gee!
olpela,old (things)
olsem wanem,how
"olsem, dispela",that
"olsem, olsem long",like
oltaim,always
op tin,bottle opener
op tin,tin opener
"op, opim, i op i stap",open
opim,open (vb)
"opis, ofis",office
"OPM, Organisasi Papua Merdeka",Free West Papua movement
orait,all right
orait orait,certainly
oraitim,fix up
pai,pie
paia,fire
paiawut,firewood
pailat,pilot
pain - pen,pain
painim,look for
painim aut,find out
painim pinis,find
painimautim,discover
paip,pipe
pairitrum,pyrethrum
pait,fight (vb)
pait,war
paitim,hit
paitim,"beat, beat up"
paitim belo,ring the bell
paitim dua,knock at door
palai,lizard
palai,goanna
palamen,parliament
pamkin,pumpkin
pamuk meri,harlot
panggal,frond
paniman,"funnyman, clown"
papa,father
papa,daddy
papai,mushroom
papamama,parents
pas,stuck
pas bilong ol kaikai,menu
"pas, leta",letter
pasim,put on (clothing)
pasim,shut
pasim,strap
pasim,close
pasim,fasten
pasim bel,take contraceptives
pasim kar,park (car) (vb)
pasim let,fasten seatbelt
pasim sua,bandage a wound
pasim tingting,decide
pasin,custom (way)
pasin,"behaviour, manner"
pasin binua,hostility
pasin birua,hatred
pasin birua,ill-will
pasindia,passenger
pasindia,guest
pasindia,bludger
pasis,harbour (n)
paspas,band
paspas bilong bel,"stomach band, belt"
paspas bilong han,arm band
paspas bilong lek,leg
paspot,passport
pastaim,"first, firstly"
pat,part
pater,priest
pati,party
pato,duck
paulim,interfere
paura,powder
paus,suitcase
pawa,"strength, force, power"
pawa,power
payback,"compensation paid for a wrongdoing, but in reprisal more than revenge"
pe,wages
pe,pay (n)
pede,payday
peim dua,pay admission
pekato,sin
pekpek,defecate
pekpek blut,dysentery
pekpek wara,diarrhea
"pelim, no inap mekim",fail
pemit,"permit, license"
pen,hurt
pen,pen
pen bilong maus,lipstick
pen bolpoin or biro,ballpoint
"pen, penim",paint
pensil,pencil
pepa,paper
pepa bilong raitim leta,notepaper
pepa pekpek,toilet paper
"pepa, daka",pepper
"pes, pes olgeta",face
"piak, kapupu","flatulate, fart"
piemvi,PMV
pik,pig
"pik, abus pik",pork
pike,chewing gum
pikinini,child
pikinini,baby
pikinini bilong diwai; prut,fruit
pikinini bilong rot,illegitimate child
pikinini bilong sipsip,lamb
pikinini diwai oliv,olives
pikinini i dring susu yet,baby not yet weaned
pikinini man (bilong em),son
pikinini meri (bilong em),daughter
piksa,film (movie show)
piksa,picture
pikus tri,fig tree
pilai,sport
"pilai, pilaim",play
"pilaim gita, piano","play guitar, piano"
pilim,touch
pilo,cushion
pilo,pillow
pilta,filter
pilum,film (camera)
pin,pin
pin bilong nus,nose pin
pinga,finger
pinga bilong fut/lek,toe
pinis tru,finally
"pinis, pinisim",finish
pipia,scraps
"pipia, rabis",rubbish
pis,fish
pisin,bird
pisin,"totem, clan"
pispis,urinate
pitpit,sugarcane
plai,fly (vb)
plai,flies (bird)
plais,pliers
plang bilong pait,shield
planim,plant
planim,bury
"plantesen, plantesin",plantation
planti,"lot, a"
Planti,plenty
planti,much
planti,many
planti man na meri,crowd
plasta,adhesive/sticking plaster
plastik,plastic
plaua,flower
plaua,flour
plaua bilong kakaruk,comb of chicken/rooster
"ples balus, epot",airport
ples bilong hait,shelter (n)
"ples bilong klaut, heven",sky
ples bilong wetim tren,platform (railway)
"ples i go daun, ples daun",valley
ples kanaka,native village
ples klia,clearing
ples kunai,field
ples kunai,grassy patch
ples lukluk,view (outlook)
ples malomalo,muddy place
"ples nating, ples klia",empty space
ples nogut,bad place
"ples nogut, i gat samting nogut",dangerous place
ples tambu,forbidden place
"ples waswas, rum bilong waswas",bathroom
ples wesan,desert (n)
ples wokabaut,pedestrian crossing
ples wokabaut insait long haus,"corridor, hallway"
"ples, viles",village
plet,plate
plis,please
plo,storey (floor)
"plua, purpur",floor
PMV,public transport
poisen,poison
pok,fork
Police Motu,"early colonial lingua franca, derived from the Motu language"
polis,police
polis stesin,police station
polis stesin,station (police)
polisim,polish
polisman,policeman
politisen,politician
popo,"pawpaw, papaya"
poret,forwards
"poro, poroman",acquaintance
"poro, poroman, pren, wantok",friend
pos,post
"pos opis, posopis, haus pos",post office
poskat,postcard
"poteto, patete",potato
potnait,pay week
poto,photograph (n)
Prai Minista,Prime Minister
praim,fry
praimeri skul,primary school
praipan,frying pan
prairais,fried rice
"prais, pe",price
praut  (provisional),proud
presen,present (gift)
presiden,president
pret,afraid
pret,frightened
"pretman, man bilong pret",coward
profet,prophet
promisim,promise
provins,province
prut det,dates
pukpuk,crocodile
pul bilong kanu,canoe paddle
pul bilong pis,fin of fish
pul bilong trausel,turtle's flipper
pul long kanu,"row, paddle"
pul long kanu,paddle (canoe)
pulap,occupied
pulap,replete
pulap,"full, full up"
pulapim,fill
pulim,seduce
pulim nus,snore
pulim smok,draw on a smoke
pulim win,breathe
"pulim, goapim",rape
"pulim, pulim . . . i kam",pull
pundaun,fall down
"purpur, sket",woman's
pusi,cat
putim,put
rabisim,"denigrate, make fun of"
rabisman,poor man
"raifol, gan",rifle
rais,rice
rait,letter (character)
"raithan, han sut",right (hand)
raitim,write
raitim nem long,sign (vb)
ram,rum
"ran, ron",run
"ranawe, ronwe",run away
ranim,chase
ranim balus,fly a plane
raskol,"raskol, rascal"
rat,rat
ratol,rattle
raun,round
"raunpela mun, bikpela mun",full moon
raunwara,lake
"rausim bel, kilim pikinini long bel","abort, have abortion"
"rausim, autim","get rid of, throw away"
"rausim, troimweim",throw away
redi,ready
redieita,radiator
redim,prepare
redim/wokim kaikai,prepare food
rejistarim pas,register (letter)
rekot,record (n)
ren,rain
ren i kamdaun or pundaun,"raining, it is"
renbo,rainbow
resa,razor
resis,race (contest)
resis,competition
ret,pink
"ret, retpela",red
"retsos, retpela sos",tomato sauce
ria,volcanic fiord
rida,reader
"ridim, ritim",read
ring,ring (n)
ring,washer (on bolt)
ring long telipon,call (telephone)
rip,reef
rises,research
risit,receipt
rokrok,frog
rongim,"wrong, offend"
rop bilong banara,bowstring
"rop, rop bilong diwai",vine
ros,rust
rot,road
rot,"way, choice"
rot,street
rot bilong blut,circulatory system
rot bilong kaikai,digestive system
rum,apartment
rum,room
rum slip,bedroom
sain,"sign, signal (n)"
"sait, hapsait",side
sak,shark
sakim tok,disobey
saksak,"sago, sago palm"
salim,send
"salim, selim",sell
salvinia,weed found in many waterways
"samap, samapim",sew up
samapim,sew
sambai long,guard (vb
sampela,several
sampela,some
sampela taim,sometimes
sampela taim,seldom
samting,"about, approximately"
samting,substance
samting,thing
samting bilong pasim bel,contraceptive for females
samting tru,natural
samting tumbuna,art
samting tumbuna,art
"samting, samting olsem",approximately
san,sun
sanap,"stand up, be erect"
sanap long kot,appear in court
sanapim,"stand up, erect (something)"
sanda,perfume
sandal,sandals
Sande,Sunday
sangana,groin
sangana,armpit
sanglss,sunglasses
"sanguma, puripuri",sorcery
sans,chance
santu,suddenly
sanwis,sandwich
"sap, sappela",sharp
sapim,carve (canoe)
sapos,"suppose, if"
sapos,if
sapota,supporter
sapotim,support
sarap,shut up (talking)
Sarere,Saturday
saripim,cut grass with sarip
"sas, sasim",charge
"satan, setan",devil
sausap,soursoup
saut,South
save,usually
save,understand
save,know
save,science
save,do something regularly
save laik,lightning
save long,know (someone/something)
save mekim/wokim,know how to (do something)
savetingting,wisdom
savol,shovel
"sea, sia",chair
sekan,shake hands
sekim,check
sekon,second (time)
sekreteri,secretary
"seksek, seksekim",shake
sel bilong kokonas,coconut shell
sem,shame
semitrela,semitrailer
sen,chain
senis,change (small money)
senisim,change (transport)
senisim,change money (from notes to coins)
senka(r),tracked vehicle
sentimita,centimetre
sepim,shave
Septemba,September
seven de,Seventh Day Adventist
"seven, sevenpela",seven
sevis stesin,service station
sigaret,cigarettes
sigaret laita,lighter (flint)
sik,ill
sik,sick
sikau,wallaby
sikau bilong antap,tree kangaroo
sikirapim kokonas,scrape coconut
sikirapim tok,chatter
"sikirapim, sikrapim",scrape
"sikis, sikispela",six
Sikismail,Sixmile
"sikman, sikmeri",patient
sikrapim bel bilong,fornicate
sikrapim bel bilong,excite
silva,silver
simen,concrete
simen,cement
sindaun,"sit, sit down"
sindaun or stap,stay
singaut,call out
singaut long,demand (vb)
singaut long,call out to
singautim,call (something or someone)
singsing,concert
singsing,dance and/or sing
singsing,festival
singsing,sing
siot,shirt
sip,ship
sips,chips (Potato)
sipsip,sheep
sipsip,"mutton, lamb"
"siro, nating, not",zero
sirsen,cherry
sis,cheese
sisis,scissors
sista,"sister (nurse, nun)"
sit bilong paia,ash(es)
"sit, sea, sia",seat
skel,weigh
skelim,share out
skelim,weight out
"skelim, lusim",slacken
"sket, siket","skirt, European type"
skin,skin
skin,bark
skin bilong kina,oyster shell
skin i guria,shivering
skin i hat; fiva,fever
skin i kol,chill
skin pas,envelope
skin pilo,pillow slip
skon,scone(s)
skru,joint
skru,"screw, bolt"
skru tuptup,corkscrew
skruim . . . i go,continue
skul,school
skulim,teach
"skweamit, pokona",bullybeef
"slek, lus",slack
slekim masis,strike a match
"slekim, lusim","loosen, slacken"
slika,silk
slip,"sleep, be asleep"
slip,lie down
slip,lying down
slipim,lay (something) down
slo,slow
sloim ka,slow down
"smok, simuk",smoke
smokbalus,jet plane
"smol haus, liklik haus, haus pekpek, toilet",toilet
smolpapa,paternal
snek,snake
sno,fog
sno,mist
so,exhibition
"so, katim long so",saw so
sodawara,soda-water
soim,show (vb)
"sok(s), sokin",sock(s)
soka,soccer
soken bilong han,glove
sokin,stockings
soklet,chocolate
sol,salt
"sol , solda",shoulder
sol na pepa,salt and pepper
solap,swell up
solapim,slap
"soldia, solodia",soldier
solmarasin,"epsom salts, laxative"
solmarasin,laxative
"solmit, mit",corned beef
solwara,sea
sop,soap
sop bilong tit,toothpaste
sop i gat smel,toilet soap
"sop, sop i het gras",shampoo
sops,chops
sopstik,chopsticks
"sore, sori",sad
"sori, sore",sorry
sos,sauce
sosis,sausage
sospen,saucepan
"sospen, sospen graun",clay pot n
"sot, sotpela",short
sothan,shorthand
sotpela trausis,shorts
sotwin,out of breath
soua,sour
spak,spark
spak,drunk
spak brus,"marihuana, marijuana"
spak plag,spark plug
spakman,drunkard
spepat,spare part(s)
spes,space
spet,"spit, spittle"
spet,spade
"spia, supia",spear
"spik, tok, toktok",speak
spirim,spear (Something
spit,speed
spoilim,wreck
spun,spoon
"spunim, savolim",spoon out
sta,star
stabi,stubby
"stadim, glasim",study
stap,be in a place
stap,exist
stap,live (reside)
stap,is
"stap isi , stap gut",behave oneself
stap nating,unemployed
stem,stamp (postage)
stesin,station (government)
stesin,outpost
stia,steering wheel
"stia, stiaim",steer
stiatok,principle
stik kambang,"lime, lemon"
stik suga,sugarcane
stil,theft
stilim,steal
stilman,thief
stilwul,steel wool
Stimsip,Steamships
stirim ka,steer car
ston,stone
ston masis,light the lamp
stori,story
story board,narrative carving done on a wooden board
stov,stove
strafim,punish
straight on - stret,straight on
strena,strainer
stret,"sharp (of time), exactly"
stret,flat
stret,exactly
stret long taim,as soon as
stret long taim,just when
stret nau,immediately
"stret, stretpela",honest
"stret, stretpela",correct
"stretim, lainim tebol",set the table
stretpela,straight
string,string
strong,thick
strong,loud
"strong, strongpela",strong
strongim,promote
strongim bel,settle stomach
strongpela susu,condensed milk
strongpela susu,cream
"stua, stoa",shop (n)
"stua, stoa",store
stuakipa,storekeeper
"studen, sumatin",student
su,shoe(s)
su gumi,sneakers
su let,leather shoes
sua,wound
sua,sore
sua i drai,wound heals
sua i gat susu,sore has pus in it
sua i sting,festered (stinking) wound
subim,push
suga,sugar
sumatin,schoolchild
sup,soup
supia bilong banara,arrow
supia I gat huk,"arrow or spear, barbed"
supsup,fish spear
supsup bilong banara,"arrow, pronged"
susa,sister (kin)
susap,jew's harp
susap,jaw's harp
susu,milk
susu,breast
susu o gris bilong kokonas,coconut cream
susuim pinga,suck finger
sut,injection
sut long,shoot at/with
sutim,shoot
"sutim bel, sutim nus",provoke
sutim kaikai,"dish up, serve food"
sutim long tok,accuse (someone)
sutlam,"torch, headlamps"
swim,swim
"swit, switpela",sweet
switbiskit,sweet biscuit
switbiskit,cookie
switmuli,orange
switpela,pleasant
switpela kaikai,dessert
T-siot,T-shirt
taia i plat,puncture
taia i plat,flat (tyre/tire)
"taia, taia stret",tyre
taim,weather (n)
taim,time
taim bilong kaikai,meal time
taim bilong kol,cold season (winter)
"taim bilong malolo, wiken",free time
taim bilong ren,rainy season
taim bilong ren,wet season
taim bilong san,dry season
taim bilong san,hot season (summer)
taim long san,daytime
taimtebol,timetable
taipim,type
taipis,typist
taipraita,typewriter
tais,swamp
tait,tide
tait i slek,low tide
taitim,tighten
taitim bun,exert oneself
takim,ordered
takis,tax
taksi,taxi
talatala,preacher
tambu,in-laws
tambu,affines
tambu long olgeta,private
"tambu, holi",holy
tambuim,prohibit
tamiok,tomahawk
tang,tongue
tanget,cordyline plant
tanim,turn
tanim mani,change money (from one currency to another)
tanim skru,sprain
tanim smok,roll a smoke
tanim stia,turn steering wheel
"tanim tingting, tanim bel",convert
tanim tok ples,translate
tantanim,turn round
tapa,beaten dark cloth
"tapiok, kasara",tapioca
tarangu,unfortunate(ly)
tarangu,miserable
taro,taro
tasol,just
tasol,however
tasol,only
tasol,but
tasol i na gat,except
taua,tower
taul,towel
taun,town
taunam,mosquito net
tebol,table
"tede, tude",today
tee,ceremony surrounding the giving away of goods to display one's wealth (Enga)
tekewe,take away
tel,tail
"telepon, telipon",telephone
"ten, tenpela",ten
tenkyu,thank you
tep,tape (recording)
teprikoda,tape-recorder
ti,tea (in liquid form)
tiket,ticket
tiket ofis,ticket-office
tiktik,wild sugarcane
tiktik,reeds
tin,"can, tin"
tin,tin
tin pipia,rubbish tin
"ting, tingting",think
tingim . . .,wonder
tingting,thoughts
tingting,opinion
tinmit,tinned meat
tinpis,tinned fish
tipot,teapot
tisa,teacher
tit,teeth
tit,tooth
tit i pen,toothache
toea,toea (monetary unit 1/100 Kina)
tok,word
tok,message
tok,say
tok baksait,gossip about
tok bilas,ridicule
tok bilong bipo yet,myth
tok bilong bipo yet,"fable, myth"
tok bilong ol tumbuna,tradition of ancestors
tok bokis,"secret language, parable"
tok grisim,flatter
tok gude,greet
tok gumi,tall tale
tok hait,secret
tok insait,conscience
tok pait,dispute
tok pait,controversy
tok pisin,Pidgin language
tok ples,local language
tok ples,"local language, first language"
tok tru,truth
tok tru,speak the truth
"tok, toktok",talk
tokautim sin,confess
tokim,tell
toksave,advertisement
toksave,notice
toksave,information
"toksave, tok save long",explain
toktok,conversation
toktok long,talk about
toktok wantaim,converse with
tokwin,rumour
Tolai,tribe which inhabits East New Britain's Gazelle Peninsula
tomato,tomatoe(s)
tos; tostim (bret),toast
"trabel, trabol",trouble
trabelman,troublemaker
traiim,taste (vb)
traim,"try, try on"
traim,tempt
traim,practise
traim,attempt
traipela,large
"traipela, patpela","fat, large"
trak,truck
trausis,trousers
traut,vomit
tren,train
tren,railway
tren stesin,station (railway)
trench - baret,"drain, trench"
tret,thread (n)
"tri, tripela",three
Trinde,Wednesday
tromoi,throw
tromoim,"pay out, get rid of"
"trosel, trausel",turtle
tru,true
tru,really
"tru, tumas, mo mo y",very much
"truck, dump-truck - tipa","tip-truck, dump-truck"
tu,also
"tu, tupela",two
tubel,doubt
"tubel, tumaus, man i gat tupela maus",hypocrite
tudak,dark (colour)
tudak,darkness
tudak,dark (no light)
tuhat,sweat
tulait,very bright
tulait,light (gas)
tultul,consul
"tumas, mo, tru",extremely
"tumas, mo, tru",very
"tumas, tu",too
tumbuan,feather draped ceremonial body mask
tumbuna,ancestors
tumbuna,grandparent(s)
tumora,tomorrow
tunait,tonight
Tunde,Tuesday
tupela,both
tupela marit,married couple
tupela su,both shoes
tupela taim,twice
tuptup,"cover, lid of something"
"turis, kam man",tourist
turnim het,courting ceremony involving rubbing faces together
twenti,twenty
"usket, asket",chin
veranda,"veranda, patio"
vidiorikoda,videorecorder
volkeno,volcano
voluntia,volunteer
vot,vote
"wailimbung,wailimbum",black palm
wailis,radio
wailis,wireless
wailis,telegram
wain,wine
waipa,windscreen wipers
"wait, waitpela",white
waitman,"white man, European"
wan handet,hundred
wan wan or lik lik,few
"wan, wanpela",one
wanbel,agreement
wanblut,blood relative
wanem,which
wanem,what
wanhaus,house/flat mate
wankain,same
wankain,similar
wankain,equal
wankain olsem,"example, for"
wanlain,"person of same (age, social) group"
wanlotu,person of same religion
wannem,namesake
wanpela,"a, an"
wanpela man no meri,somebody
wanpela narapela,each other
"wanpela sait long su, wanpela su",one shoe
wanpela samting,something
wanpela taim,once
wanpela taim mo,once more
wanpela tasol,alone
wanpela wanpela,each
wanpela wanpela taim,occasionally
wanpela wanpela taim,now and then
wanpes,look at
wanpilai,playmate
wanples,person from same village
wanskul,schoolmate
"wansospen, wantebol",messmate
wantaim,with
wantaim,together
wantok,"mate, close friend"
wanwe,one way
wanwok,fellow worker
wanwokabaut,traveling companion
wara,water
wara,river
wara bilong kokonas,"coconut milk, coconut water"
"wara Sepik, riva Sepik",Sepik River
wari,problems
wari,"worry, worries"
wasim,wash
"wasim, baptaisim",baptize
waswas,bathe
waswas,shower (n)
waswas,"wash, bathe"
wataim or wanem taim,when
"we, westap",where
wel,oil
wel limbum,wild black palm
wel pik,wild pig
"wel, welim; gris, grisim",grease
"wel, welpela, wail, wailpela",wild
"welim, grisim",oil (something)
"welman, dripman",wanderer
welpig,"bush Pig, wild pig"
wes,west
westim,waste
wet nating,wait in vain
weta,waiter
wetim,wait for
wetim,expect
"wetliva, lang",lungs
wik,week
wiken,weekend
"wil , taia",wheel (with tyre on)
wilwil,bicycle
win,breath
win,air (n)
win,wind
win masin,air conditioner
windo,window
winim,win
winim,be better than
winim,blow
winim bugol,blow bugle
winim kot,acquitted
winim mambu,play flute or pipe
winskrin,windscreen
wok,"work, job"
wok,duty (obligation)
wok kaikai,work for board and keep
wok long,busy (doing something)
wok sip,stevedore
wokabaut,walk (vb)
wokabaut,travel
wokabaut,"trip, tour"
wokabaut,journey
wokabaut long sip,voyage (n)
wokim,make
wokim,build (something)
wokim glas i go antap,wind up a window
wokim gut,repair (vb)
"wokim, paitim bret",knead bread
wokman,"worker, workman"
woksop,workshop
"ya, yes",yes
yangpela,young
"yau, ia",ear
yaupas,deaf
"yelo, yelopela",yellow
yesa,agree
yet,already
yet,still (adv)
yet,yet
yia,year
yis,yeast
yu mekim wanem?,what are you doing?
"yu, yupela",you
yumitripela,we (three incl)
yumitupela,you and I
yumitupela,we (two incl
yumitupela,you (three)
"yunivesiti, univesiti",university
yusim,use
yutupela,you (two)
